id,etiqueta,bytes,url
1-s6IUhjjuzTFOVMRSUUkh35mV7_cST-u,(sin etiqueta visible),81815558,https://drive.google.com/uc?export=download&id=1-s6IUhjjuzTFOVMRSUUkh35mV7_cST-u
1bxssJ4tWFbLre4JRMH1yIu3UVXlQgQ00,(sin etiqueta visible),74487199,https://drive.google.com/uc?export=download&id=1bxssJ4tWFbLre4JRMH1yIu3UVXlQgQ00
18WbNz20CcoiWFVnDua6T3-bekoNnZYcu,(sin etiqueta visible),59686336,https://drive.google.com/uc?export=download&id=18WbNz20CcoiWFVnDua6T3-bekoNnZYcu
19y9A3ZtMrlWoKisU-VY6o5C6lf2KiDFj,(sin etiqueta visible),51749900,https://drive.google.com/uc?export=download&id=19y9A3ZtMrlWoKisU-VY6o5C6lf2KiDFj
1i8S9A-58kZsW1_2_uq6xY6uxYdVBR_Fq,(sin etiqueta visible),35581510,https://drive.google.com/uc?export=download&id=1i8S9A-58kZsW1_2_uq6xY6uxYdVBR_Fq
1_piBtl_BO-x53ghq6Zx3kHtVF-laOxgg,(sin etiqueta visible),18364647,https://drive.google.com/uc?export=download&id=1_piBtl_BO-x53ghq6Zx3kHtVF-laOxgg
1zYxOqZDHL8v18R1_btbhVtuJgUveT6AQ,Manual E2P,16223702,https://drive.google.com/uc?export=download&id=1zYxOqZDHL8v18R1_btbhVtuJgUveT6AQ
1nSOgRML7kyfMQSc6yQpC5vz2a0T3m0Tv,ROP 11 DE SEPTIEMBRE 2024,6249880,https://drive.google.com/uc?export=download&id=1nSOgRML7kyfMQSc6yQpC5vz2a0T3m0Tv
1Nkmtmy7NIHS3AGXUsk11e3DZ7wxp_r2Z,Informe Anual 202 5,3800732,https://drive.google.com/uc?export=download&id=1Nkmtmy7NIHS3AGXUsk11e3DZ7wxp_r2Z
1hGiMlC2RdNISb0_iB6CZ5sqTVbG3SL_P,(sin etiqueta visible),3504938,https://drive.google.com/uc?export=download&id=1hGiMlC2RdNISb0_iB6CZ5sqTVbG3SL_P
1Qx-bVx3zaZHD83L915AWYlZBwNTt3JZt,Informe Anual 2023,3483597,https://drive.google.com/uc?export=download&id=1Qx-bVx3zaZHD83L915AWYlZBwNTt3JZt
1DnL8wvYJwzNuq0FZE0Ep83gJ9UlHQbQt,(sin etiqueta visible),3066786,https://drive.google.com/uc?export=download&id=1DnL8wvYJwzNuq0FZE0Ep83gJ9UlHQbQt
1CNu4yHktYnFE2VwTxj6sAbAlvy-lkJDA,GUÍA PARA EL LLENADO DE TRANSPARENCIA DEL SAT,3011483,https://drive.google.com/uc?export=download&id=1CNu4yHktYnFE2VwTxj6sAbAlvy-lkJDA
1rt2jnQPimtZSbFfjwfyaHx07as7dfGx0,REFORMA A ROP 2025 DEL 31 DE OCTUBRE DE 2025,2986024,https://drive.google.com/uc?export=download&id=1rt2jnQPimtZSbFfjwfyaHx07as7dfGx0
19J-lLTDfjyTZE2XCoAFUzuJjNNuz4wkc,(sin etiqueta visible),2786997,https://drive.google.com/uc?export=download&id=19J-lLTDfjyTZE2XCoAFUzuJjNNuz4wkc
1bz8EGy_dm1wO7E4y6cOnMeVneEB1wPFw,ROP 20 DE MARZO 202 0,2715455,https://drive.google.com/uc?export=download&id=1bz8EGy_dm1wO7E4y6cOnMeVneEB1wPFw
1MDf2qf0NLvvMNZ48cO6dQOMYNGTVOhxD,(sin etiqueta visible),2668932,https://drive.google.com/uc?export=download&id=1MDf2qf0NLvvMNZ48cO6dQOMYNGTVOhxD
1LS6uWFDfgEBtrAR0JEgJlfQw6hPf3L7P,Informe Anual 202 4,2664342,https://drive.google.com/uc?export=download&id=1LS6uWFDfgEBtrAR0JEgJlfQw6hPf3L7P
19IfKlQ0l9aTx7j2gVhcoQod06In2niqJ,(sin etiqueta visible),2619072,https://drive.google.com/uc?export=download&id=19IfKlQ0l9aTx7j2gVhcoQod06In2niqJ
13kaEuiBNUOvmZC3dL5777UNZgWlFLbri,(sin etiqueta visible),2609666,https://drive.google.com/uc?export=download&id=13kaEuiBNUOvmZC3dL5777UNZgWlFLbri
1ku6XOCwiBm9ONfkCbk1ZSUHxRvXjxvMc,ROP 8 DE SEPTIEMBRE 20 25,2423063,https://drive.google.com/uc?export=download&id=1ku6XOCwiBm9ONfkCbk1ZSUHxRvXjxvMc
15ubM8N6Ga_A9DkEeTzZ84iAuT2ipM7HO,(sin etiqueta visible),2374152,https://drive.google.com/uc?export=download&id=15ubM8N6Ga_A9DkEeTzZ84iAuT2ipM7HO
1JHR5bkwYo2GCZUpptuHtB3QczoOBK05V,(sin etiqueta visible),2168969,https://drive.google.com/uc?export=download&id=1JHR5bkwYo2GCZUpptuHtB3QczoOBK05V
1wXLrsxLuTLvqZ251_VP_K3QemIxPKfdd,(sin etiqueta visible),2117854,https://drive.google.com/uc?export=download&id=1wXLrsxLuTLvqZ251_VP_K3QemIxPKfdd
1tfv5Ce0hZyeBUE82PVDqH1Th37T_ZAvB,Inversión Social,1490108,https://drive.google.com/uc?export=download&id=1tfv5Ce0hZyeBUE82PVDqH1Th37T_ZAvB
1eWsl8Cr1JfxUVg2ylzYPS9VuyOLlvWNO,Mensual,1274873,https://drive.google.com/uc?export=download&id=1eWsl8Cr1JfxUVg2ylzYPS9VuyOLlvWNO
1cxITKdiZLQvld3A3W129JxeKnCXLfpnh,Fortalecimiento,1167345,https://drive.google.com/uc?export=download&id=1cxITKdiZLQvld3A3W129JxeKnCXLfpnh
1SqFstJlw4T8rmuW_c7RDoJX4a9Z0Pk1i,(sin etiqueta visible),1144643,https://drive.google.com/uc?export=download&id=1SqFstJlw4T8rmuW_c7RDoJX4a9Z0Pk1i
1tE4byVSCZ53_p429BVekIpy3F6tHWV7R,(sin etiqueta visible),1130503,https://drive.google.com/uc?export=download&id=1tE4byVSCZ53_p429BVekIpy3F6tHWV7R
1C4QYsDBNAUyx1Q5arpoBHvdkhegC3q5t,(sin etiqueta visible),1082029,https://drive.google.com/uc?export=download&id=1C4QYsDBNAUyx1Q5arpoBHvdkhegC3q5t
1o9w6JKXcymyVywH7Umu2XDLjJdc_Fa33,(sin etiqueta visible),1079486,https://drive.google.com/uc?export=download&id=1o9w6JKXcymyVywH7Umu2XDLjJdc_Fa33
1fNP_dk2v8cCdElMk1BBvJGahO7T5TIfo,(sin etiqueta visible),1033497,https://drive.google.com/uc?export=download&id=1fNP_dk2v8cCdElMk1BBvJGahO7T5TIfo
1Bc0LOQpWLXyZAe8Pwqz1C2lu_RO9ggnZ,(sin etiqueta visible),996366,https://drive.google.com/uc?export=download&id=1Bc0LOQpWLXyZAe8Pwqz1C2lu_RO9ggnZ
1Nc_txswmN6eBqtNxw8iTWwoQq1-XwKLb,(sin etiqueta visible),948575,https://drive.google.com/uc?export=download&id=1Nc_txswmN6eBqtNxw8iTWwoQq1-XwKLb
1auaZo9ceQRbv9WnOyqR8vqAZTtCTlLWw,(sin etiqueta visible),931020,https://drive.google.com/uc?export=download&id=1auaZo9ceQRbv9WnOyqR8vqAZTtCTlLWw
1GHQpL0NNCxXu78eSQjGdWNlXaSsuFWzO,Resultados Inversión Social Anual,728336,https://drive.google.com/uc?export=download&id=1GHQpL0NNCxXu78eSQjGdWNlXaSsuFWzO
1uKgf54_r4IF8OLnU6wFlAT7HjPyunt7V,Prevención de la Violencia Contra las Mujeres,715450,https://drive.google.com/uc?export=download&id=1uKgf54_r4IF8OLnU6wFlAT7HjPyunt7V
1IeoZDdGWCMfVrBWkzXxWQG4PBtOEi_-9,(sin etiqueta visible),713187,https://drive.google.com/uc?export=download&id=1IeoZDdGWCMfVrBWkzXxWQG4PBtOEi_-9
1lR7EYZ04ZaNeFCme5m82iqDJvvH3y969,Desarrollo Comunitario Integral,684435,https://drive.google.com/uc?export=download&id=1lR7EYZ04ZaNeFCme5m82iqDJvvH3y969
1do_HaLmFuHfzNulKfFgwOP9_hN0T0Tni,Prevención Social,674685,https://drive.google.com/uc?export=download&id=1do_HaLmFuHfzNulKfFgwOP9_hN0T0Tni
1ua1wZqtWsaW-Wruqyj19GZGb36Kd4KVq,CRITERIOS DE APOYO A OSC 2015,670815,https://drive.google.com/uc?export=download&id=1ua1wZqtWsaW-Wruqyj19GZGb36Kd4KVq
11xXJd0Hu1CwakPJfaQQNkoe7v5_g1pUy,"Desarrollo Integral de Niñas, Niños y Jóvenes",657075,https://drive.google.com/uc?export=download&id=11xXJd0Hu1CwakPJfaQQNkoe7v5_g1pUy
1G8WbK3FhSnijfdnAzkmCqyOkbVA9Dc1d,Resultados Inclusión Prioritaria,654076,https://drive.google.com/uc?export=download&id=1G8WbK3FhSnijfdnAzkmCqyOkbVA9Dc1d
17hog_YFXynSBbMRuzh90cj4n1JwdLmZa,Desarrollo Integral de Indígenas,652350,https://drive.google.com/uc?export=download&id=17hog_YFXynSBbMRuzh90cj4n1JwdLmZa
1z87J_cGyqdM6BQb7V72CVTbpFTJJglQ8,Reconstrucción del Tejido Social,652147,https://drive.google.com/uc?export=download&id=1z87J_cGyqdM6BQb7V72CVTbpFTJJglQ8
18xBdxnPhv5C7T-qcP4MOCahIhtlMpDKv,Infraestructura Frente al COVID-19,644245,https://drive.google.com/uc?export=download&id=18xBdxnPhv5C7T-qcP4MOCahIhtlMpDKv
1gpdNM1d-yQbh_74lYKW5BgO-y6Z7M9-_,Personas con Discapacidad,643811,https://drive.google.com/uc?export=download&id=1gpdNM1d-yQbh_74lYKW5BgO-y6Z7M9-_
1vip8HeneGeIWQbX-oGa_TlTnRxVcf1Dw,Protección Social,624433,https://drive.google.com/uc?export=download&id=1vip8HeneGeIWQbX-oGa_TlTnRxVcf1Dw
12_JDPYWaOREO6yZP9BreHr0AoE5TQ16u,Primera Infancia,600083,https://drive.google.com/uc?export=download&id=12_JDPYWaOREO6yZP9BreHr0AoE5TQ16u
1TNI4OTiI1N5KOt6deDUtRl1WNwamtAk_,Cuestionario de Conducta Prosocial,583663,https://drive.google.com/uc?export=download&id=1TNI4OTiI1N5KOt6deDUtRl1WNwamtAk_
1gORrtrrz9qxsDym2D9ZYldLovqgeuiDW,PPL y Personas Indígenas,555640,https://drive.google.com/uc?export=download&id=1gORrtrrz9qxsDym2D9ZYldLovqgeuiDW
1QjH0i2FB186mLFZnwvvGA-uoKZzVh8Dq,Resultados Protección Social,550304,https://drive.google.com/uc?export=download&id=1QjH0i2FB186mLFZnwvvGA-uoKZzVh8Dq
1VyjPJlYYc8TYLzfFSFHAKqONNLZpEHK0,(sin etiqueta visible),550304,https://drive.google.com/uc?export=download&id=1VyjPJlYYc8TYLzfFSFHAKqONNLZpEHK0
1fE2tef9L0jsffPfYorgducYloZLKAWZp,Adulto Mayor,550236,https://drive.google.com/uc?export=download&id=1fE2tef9L0jsffPfYorgducYloZLKAWZp
1DhCNNcYdOYsqttgdUwJxkIlCLkvQlcgA,Resultados Primera Infancia,544335,https://drive.google.com/uc?export=download&id=1DhCNNcYdOYsqttgdUwJxkIlCLkvQlcgA
1r_bNlgv3NvigpcnGoQRVxoUrT_yINWRp,Reconstrucción del Tejido Social,543256,https://drive.google.com/uc?export=download&id=1r_bNlgv3NvigpcnGoQRVxoUrT_yINWRp
1C15tZulQPchxeyjL-h8yVQWSKfdDJ_H9,"Desarrollo Integral de Niñas, Niños y Jóvenes",543254,https://drive.google.com/uc?export=download&id=1C15tZulQPchxeyjL-h8yVQWSKfdDJ_H9
1dBrJuFHgJfDS-fAaBkiotcfdSByDPG3w,Personas con Discapacidad,535943,https://drive.google.com/uc?export=download&id=1dBrJuFHgJfDS-fAaBkiotcfdSByDPG3w
1Bc8PLvUDg23X6GZavKg0aAODrHP72yir,Migrantes,535762,https://drive.google.com/uc?export=download&id=1Bc8PLvUDg23X6GZavKg0aAODrHP72yir
1X2pppY03evO_ua03TN6VBOm5nKVKg4W0,Adultos Mayores,504827,https://drive.google.com/uc?export=download&id=1X2pppY03evO_ua03TN6VBOm5nKVKg4W0
1fgeXtW83yOQAmiwxrIGcinGUBLw0JfYh,Desarrollo Integral de Migrantes,501861,https://drive.google.com/uc?export=download&id=1fgeXtW83yOQAmiwxrIGcinGUBLw0JfYh
1g0Ho7aaVOqrZHzgKH0xlYERgBcAU-_VJ,Apoyo Mensual,467721,https://drive.google.com/uc?export=download&id=1g0Ho7aaVOqrZHzgKH0xlYERgBcAU-_VJ
1rZmgToXYtQ2JJvh4SlMDHIrA2ej-zYY4,Insumos COVID-19,455483,https://drive.google.com/uc?export=download&id=1rZmgToXYtQ2JJvh4SlMDHIrA2ej-zYY4
1K5cS_dnt84tGo_N0PphSdAXXlqbW_ydz,Violencia Contra las Mujeres,449913,https://drive.google.com/uc?export=download&id=1K5cS_dnt84tGo_N0PphSdAXXlqbW_ydz
1SUll5aK9j7rvZIBsOIfizrnthM3De_b_,(sin etiqueta visible),445568,https://drive.google.com/uc?export=download&id=1SUll5aK9j7rvZIBsOIfizrnthM3De_b_
10uCAd_l0bzh_SxwrKEQXyPbxzQuS4hjn,(sin etiqueta visible),435859,https://drive.google.com/uc?export=download&id=10uCAd_l0bzh_SxwrKEQXyPbxzQuS4hjn
1V8_bVvpiE7MX1n6IhfrNXtKM_p78tpQo,Convocatoria apoyo para la inversión social estratégica 2026,416565,https://drive.google.com/uc?export=download&id=1V8_bVvpiE7MX1n6IhfrNXtKM_p78tpQo
14MnCP_PBTwD1aNg4wVGZFmnHom0ZUah1,Adultos Mayores,415049,https://drive.google.com/uc?export=download&id=14MnCP_PBTwD1aNg4wVGZFmnHom0ZUah1
1DbgVcPzur1GDhAzovbJ_o2YWVeeoi5R3,Adultos Mayores,405923,https://drive.google.com/uc?export=download&id=1DbgVcPzur1GDhAzovbJ_o2YWVeeoi5R3
1T_Yvb-ebqdjnS1nGDv7q_v3G_V4bq5iz,Desarrollo Integral Personas Indígenas,400450,https://drive.google.com/uc?export=download&id=1T_Yvb-ebqdjnS1nGDv7q_v3G_V4bq5iz
1XH7vqsZAGOhDmmXlEQJtWYj0v4oS0RNu,Mujeres,399745,https://drive.google.com/uc?export=download&id=1XH7vqsZAGOhDmmXlEQJtWYj0v4oS0RNu
1sYcAOkTi8E_yYR_OSKHfhUqctVP6i2Cl,Convocatoria apoyo para la inversión social anual 2026,395532,https://drive.google.com/uc?export=download&id=1sYcAOkTi8E_yYR_OSKHfhUqctVP6i2Cl
1CAVedchnoRN-Iy1eXadNDj96AhY6wQQU,Inclusión Productiva Personas con Discapacidad,389813,https://drive.google.com/uc?export=download&id=1CAVedchnoRN-Iy1eXadNDj96AhY6wQQU
1K2-YV_uHvso_YR7W6dUcK91RWtlA14zF,"Desarrollo Integral Niñas, Niños y Jóvenes",388477,https://drive.google.com/uc?export=download&id=1K2-YV_uHvso_YR7W6dUcK91RWtlA14zF
1522tmInjVDzf0Ebl7RKanQ820bLTewOT,Desarrollo Integral de Indígenas y Migrantes,387468,https://drive.google.com/uc?export=download&id=1522tmInjVDzf0Ebl7RKanQ820bLTewOT
1f8hm6sbc_kUkrd8QHrs22rHgn2mWJ3Fh,Insumos COVID-19,375676,https://drive.google.com/uc?export=download&id=1f8hm6sbc_kUkrd8QHrs22rHgn2mWJ3Fh
1eU9MfjmUtAPyqAMnwrNnULXUlNhj9j3X,Personas con Discapacidad,372793,https://drive.google.com/uc?export=download&id=1eU9MfjmUtAPyqAMnwrNnULXUlNhj9j3X
1MB_bFPDw7rkpayYGmInhkih0-3qheiyX,Convocatoria,341341,https://drive.google.com/uc?export=download&id=1MB_bFPDw7rkpayYGmInhkih0-3qheiyX
1MSoOQ5r_PMTPK1jGCFL2ePH1I_X5dAOL,Ayudamos a Garantizar la,336802,https://drive.google.com/uc?export=download&id=1MSoOQ5r_PMTPK1jGCFL2ePH1I_X5dAOL
10AMQ6uJQuwpnjE3pX1Vxg0RgqWQzUhTM,Apoyo Mensual,336129,https://drive.google.com/uc?export=download&id=10AMQ6uJQuwpnjE3pX1Vxg0RgqWQzUhTM
1exoGRy8alTCanRPwMFfI3UklmGAXH4A4,Violencia Contra las Mujeres,333916,https://drive.google.com/uc?export=download&id=1exoGRy8alTCanRPwMFfI3UklmGAXH4A4
1YRUARikVbrhCx5NpuTSsHN-qpkwb1ftc,Prevención de la Violencia Contra las Mujeres,325513,https://drive.google.com/uc?export=download&id=1YRUARikVbrhCx5NpuTSsHN-qpkwb1ftc
1fVEnm6F84kroQYwTeZ-k47l2SZRBxzvL,Ayudamos a Garantizar la Protección Social 2025,321804,https://drive.google.com/uc?export=download&id=1fVEnm6F84kroQYwTeZ-k47l2SZRBxzvL
1vCyjx257qBG4ITHsQ7_ijrA6ja5ZbKFy,(sin etiqueta visible),316324,https://drive.google.com/uc?export=download&id=1vCyjx257qBG4ITHsQ7_ijrA6ja5ZbKFy
1FDRo_K5fgzoTR-Txt5AancjQf_Oz6f3Q,Adicciones en Jóvenes,314935,https://drive.google.com/uc?export=download&id=1FDRo_K5fgzoTR-Txt5AancjQf_Oz6f3Q
143UbyredI0fvBP4uvrcOMQ-16-Li3SHH,Ayudamos a Garantizar el Cuidado 2025,306537,https://drive.google.com/uc?export=download&id=143UbyredI0fvBP4uvrcOMQ-16-Li3SHH
1y5HTqXjgpeO_zk0vJ60HWDOHcWLAO4f5,Inclusión Prioritaria,302880,https://drive.google.com/uc?export=download&id=1y5HTqXjgpeO_zk0vJ60HWDOHcWLAO4f5
13lz_qWtnKZl6GpOzE2eTAzs6zWdgqkjV,I nversión Social Anual,301664,https://drive.google.com/uc?export=download&id=13lz_qWtnKZl6GpOzE2eTAzs6zWdgqkjV
1hik5Bvvi2V29BwK4svp7_CmuZliUTmCi,Ayudamos a Garantizar el Cuidado 2025,294744,https://drive.google.com/uc?export=download&id=1hik5Bvvi2V29BwK4svp7_CmuZliUTmCi
1p2oTJGjjHJ4fbHQTuzrKTyohOIJ9ycez,LEY DE FOMENTO A LA SOCIEDAD CIVIL ORGANIZADA PARA EL ESTADO DE,289782,https://drive.google.com/uc?export=download&id=1p2oTJGjjHJ4fbHQTuzrKTyohOIJ9ycez
1-rFd7ycPUuwtxUOUXRmgualqvkwbZMtC,Primera Infancia,288152,https://drive.google.com/uc?export=download&id=1-rFd7ycPUuwtxUOUXRmgualqvkwbZMtC
1dYkppW0ZOFszW-i9-WsSuy1vuFIQI71I,Inclusión Social y no Discriminación,285479,https://drive.google.com/uc?export=download&id=1dYkppW0ZOFszW-i9-WsSuy1vuFIQI71I
1LgPsJUEiPc9oZwSOPg6C4e_4ZAxZnUzi,Protección Social,284898,https://drive.google.com/uc?export=download&id=1LgPsJUEiPc9oZwSOPg6C4e_4ZAxZnUzi
1s2SaLVDCiq5GnrtWi2NhuHhKOa5URpR2,Ayudamos a Garantizar la Inclusión 2025,282624,https://drive.google.com/uc?export=download&id=1s2SaLVDCiq5GnrtWi2NhuHhKOa5URpR2
1287tG3nAO3RMWfZbBi29yOhyfE1MWO9k,AVISO DE PRIVACIDAD,278565,https://drive.google.com/uc?export=download&id=1287tG3nAO3RMWfZbBi29yOhyfE1MWO9k
1H_MilKhLXNr_AuiwLiZvA9jwenLNxBIW,Instituciones Asistenciales,276106,https://drive.google.com/uc?export=download&id=1H_MilKhLXNr_AuiwLiZvA9jwenLNxBIW
12mgGnh7jX1hx-_mLC8iOl1TTP_4w-Fzr,CRITERIOS DE APOYO A OSC 2009,271166,https://drive.google.com/uc?export=download&id=12mgGnh7jX1hx-_mLC8iOl1TTP_4w-Fzr
1GRFRDulmmaJcLn1hBD0w5LGgAxNn-0MH,Ayudamos a Garantizar la Inclusión 2025,269626,https://drive.google.com/uc?export=download&id=1GRFRDulmmaJcLn1hBD0w5LGgAxNn-0MH
1dFXEEOxyGd5N1rtxpo2JmH0gQ3_p5g94,Personas con Discapacidad,268206,https://drive.google.com/uc?export=download&id=1dFXEEOxyGd5N1rtxpo2JmH0gQ3_p5g94
16p66gYngGdHjnpJUut2zicZlukYathX3,"Atención de Indígenas, Jóvenes y Migrantes",266930,https://drive.google.com/uc?export=download&id=16p66gYngGdHjnpJUut2zicZlukYathX3
1QjdPORk0sBKnAJGc0RyCKLE8KmCGuSaN,Resultados Inversión Social Anual,266774,https://drive.google.com/uc?export=download&id=1QjdPORk0sBKnAJGc0RyCKLE8KmCGuSaN
1cFMXb_PBfSCHI4pcOo5Y5-Yze7gPQ-e2,(sin etiqueta visible),261432,https://drive.google.com/uc?export=download&id=1cFMXb_PBfSCHI4pcOo5Y5-Yze7gPQ-e2
1Uy7FNGlndw8x-cdfMYXaU_oqHUUXPMgN,Inclusión Prioritaria,260561,https://drive.google.com/uc?export=download&id=1Uy7FNGlndw8x-cdfMYXaU_oqHUUXPMgN
195hcKFGXqtsisEcSDYAPRTe10kkFSTHN,Comunicado,257105,https://drive.google.com/uc?export=download&id=195hcKFGXqtsisEcSDYAPRTe10kkFSTHN
1nVBIfaEm-PiAf2l2PU-JPbSmWGLkN07Z,Prevención de la Violencia,246801,https://drive.google.com/uc?export=download&id=1nVBIfaEm-PiAf2l2PU-JPbSmWGLkN07Z
11gebdEwg8hfMs2DNlO6AedH7NeYa4eIl,Comunicado sobre la publicación de resultados Apoyo para la inversión social anual 2026,243669,https://drive.google.com/uc?export=download&id=11gebdEwg8hfMs2DNlO6AedH7NeYa4eIl
137ef0ELjVmdqw1nN2-PteCw89kRnghs5,Primera Infancia,243632,https://drive.google.com/uc?export=download&id=137ef0ELjVmdqw1nN2-PteCw89kRnghs5
1hZBsOgCLtA7Fg9meAUkd7ZS3fQp9BZzy,Resultados Convocatoria apoyo para la inversión social estratégica 2026,243302,https://drive.google.com/uc?export=download&id=1hZBsOgCLtA7Fg9meAUkd7ZS3fQp9BZzy
1hJqaTlrrN9zF2XIIsffx5aP3dkDtj3pm,Protección Social,242830,https://drive.google.com/uc?export=download&id=1hJqaTlrrN9zF2XIIsffx5aP3dkDtj3pm
18EfJzaVoKyxb-F65qdBHZuCHHU5EPRlg,Familias con Futuro,189686,https://drive.google.com/uc?export=download&id=18EfJzaVoKyxb-F65qdBHZuCHHU5EPRlg
1CesOrN8KZ1FLuCkUhIxcXw_DH_bPHfP3,Personas con Discapacidad,141812,https://drive.google.com/uc?export=download&id=1CesOrN8KZ1FLuCkUhIxcXw_DH_bPHfP3
1nRYHSE3HjFAzJVpKGUNA2_3-75CR4ZNf,(sin etiqueta visible),129890,https://drive.google.com/uc?export=download&id=1nRYHSE3HjFAzJVpKGUNA2_3-75CR4ZNf
11-EfgwtH4OwIKQLiX4vkhsAPP68Z650x,I nversión Social Anual,122183,https://drive.google.com/uc?export=download&id=11-EfgwtH4OwIKQLiX4vkhsAPP68Z650x
1TAieDmIkSlQ8gVfx4h0Joq24HfMxV-aj,Resultados Apoyo Mensual,120487,https://drive.google.com/uc?export=download&id=1TAieDmIkSlQ8gVfx4h0Joq24HfMxV-aj
1zdcZr8amzoD0an7C-prmtJZr6AtMVOLF,Convocatoria,119085,https://drive.google.com/uc?export=download&id=1zdcZr8amzoD0an7C-prmtJZr6AtMVOLF
1_86j8yivSYnU-LcPC6pZn6bIj4YiudgF,Resultados Inversión Social Anual,116143,https://drive.google.com/uc?export=download&id=1_86j8yivSYnU-LcPC6pZn6bIj4YiudgF
1h8VV3jvLqIz-ey3EDg2dD7SAw4RN-yqT,Resultados Mensual,109478,https://drive.google.com/uc?export=download&id=1h8VV3jvLqIz-ey3EDg2dD7SAw4RN-yqT
10pVYx3RyTMET2mzbqYptl831JUP-b2Jg,Resultados Apoyo Mensual,103521,https://drive.google.com/uc?export=download&id=10pVYx3RyTMET2mzbqYptl831JUP-b2Jg
12DkYLaGaIAU0Tjr2KaH5i4Csi8Dxh0vO,ACUERDO DE REGISTRO ESTATAL DE OSC,101838,https://drive.google.com/uc?export=download&id=12DkYLaGaIAU0Tjr2KaH5i4Csi8Dxh0vO
1RTtdHIFRZH7d2mbtf2MlzJDuWlPbJg_R,"Resultados Desarrollo Integral Niñas, Niños y Jóvenes",73827,https://drive.google.com/uc?export=download&id=1RTtdHIFRZH7d2mbtf2MlzJDuWlPbJg_R
1taCIbCc5OsohdFiHka6STiLRR759AyoZ,"Resultados Desarrollo Integral de Niñas, Niños y Jóvenes",73215,https://drive.google.com/uc?export=download&id=1taCIbCc5OsohdFiHka6STiLRR759AyoZ
1txQnHMkp__L32OE2G-Xc8ziBqvEaDNz3,Resultados Infraestructura Frente al COVID-19,72750,https://drive.google.com/uc?export=download&id=1txQnHMkp__L32OE2G-Xc8ziBqvEaDNz3
1AfGhr37AzCM8temOx8JcYRtAV7qfbaJS,"Resultados Desarrollo Integral de Niñas, Niños y Jóvenes",69902,https://drive.google.com/uc?export=download&id=1AfGhr37AzCM8temOx8JcYRtAV7qfbaJS
1X-ZD2r9eekK-Pw20XZSMXIje66ss01nF,Resultados Violencia Contra las Mujeres,67110,https://drive.google.com/uc?export=download&id=1X-ZD2r9eekK-Pw20XZSMXIje66ss01nF
1Jqs_cIP1yByf3ZXAIcFNhWx4OrtjLUw6,Resultados Personas con Discapacidad,66680,https://drive.google.com/uc?export=download&id=1Jqs_cIP1yByf3ZXAIcFNhWx4OrtjLUw6
1iN8LhrI2IWZK5y2Ti3VvcIYUz3cekWM_,Resultados Prevención de la Violencia Contra las Mujeres,66385,https://drive.google.com/uc?export=download&id=1iN8LhrI2IWZK5y2Ti3VvcIYUz3cekWM_
1wjeG0RtcFPXf_JzGgE7lHq9sX3S-GtPT,Resultados Violencia Contra las Mujeres,64308,https://drive.google.com/uc?export=download&id=1wjeG0RtcFPXf_JzGgE7lHq9sX3S-GtPT
1KGFwaLWayNxIQFPkvLzhagq2WZvcqyC7,Resultados Adulto Mayor,62668,https://drive.google.com/uc?export=download&id=1KGFwaLWayNxIQFPkvLzhagq2WZvcqyC7
1Dl84SH7RYCTXyfPRTj0HywXFcJjVV5Q-,Resultados Prevención de la Violencia Contra las Mujeres,60709,https://drive.google.com/uc?export=download&id=1Dl84SH7RYCTXyfPRTj0HywXFcJjVV5Q-
1HDkQq_lodeW358FdQSdoBWrCArTW6wuT,Mensual,59047,https://drive.google.com/uc?export=download&id=1HDkQq_lodeW358FdQSdoBWrCArTW6wuT
1S-_SMFRWQ6Fa_DeAwvhSGsccFagGuMWX,Resultados Insumos COVID-19,58373,https://drive.google.com/uc?export=download&id=1S-_SMFRWQ6Fa_DeAwvhSGsccFagGuMWX
1DAGHOsRBgnrPAI2CcC6bl7Mg44hH_yM5,Resultados Adicciones en Jóvenes,55934,https://drive.google.com/uc?export=download&id=1DAGHOsRBgnrPAI2CcC6bl7Mg44hH_yM5
1TkcvGuqqpe9lgw8Gu01Hzofg5iTWSM1G,Resultados Personas con Discapacidad,55415,https://drive.google.com/uc?export=download&id=1TkcvGuqqpe9lgw8Gu01Hzofg5iTWSM1G
1syUn2467cbkJp_zzTUHXx9RpCynTzQC2,Resultados Insumos COVID-19,55313,https://drive.google.com/uc?export=download&id=1syUn2467cbkJp_zzTUHXx9RpCynTzQC2
1wfPKL12nY10ibgiIw9O3FldG4dDH9wSP,Resultados Adultos Mayores,54685,https://drive.google.com/uc?export=download&id=1wfPKL12nY10ibgiIw9O3FldG4dDH9wSP
1FGmSnyrTDgxEyZ9vs-IrDE5OwtsAjrXM,Resultados Adultos Mayores,54463,https://drive.google.com/uc?export=download&id=1FGmSnyrTDgxEyZ9vs-IrDE5OwtsAjrXM
1tqnnAP6yO4F8KRgX_kqwm7icag1i_vyu,Reconstrucción del Tejido Social,54395,https://drive.google.com/uc?export=download&id=1tqnnAP6yO4F8KRgX_kqwm7icag1i_vyu
11Zfs4LWAGCRQqvpfGK4YzDMrNHcDgjV8,Resultados Reconstrucción del Tejido Social,53994,https://drive.google.com/uc?export=download&id=11Zfs4LWAGCRQqvpfGK4YzDMrNHcDgjV8
1Vq9jED6IP3WmIID3M6-envBXr24zjlJg,Resultados Adultos Mayores,53742,https://drive.google.com/uc?export=download&id=1Vq9jED6IP3WmIID3M6-envBXr24zjlJg
1QzcPHEZhGlx3m_3OSsCsbipPDIVZeRUz,Resultados Migrantes,53085,https://drive.google.com/uc?export=download&id=1QzcPHEZhGlx3m_3OSsCsbipPDIVZeRUz
1C8bO3X5sh1aielnoEZiuy41XqoiVtu5S,(sin etiqueta visible),51714,https://drive.google.com/uc?export=download&id=1C8bO3X5sh1aielnoEZiuy41XqoiVtu5S
1jWHHZ89nARuYnXfNgB0qny4lAENME7N3,Resultados PPL y Personas Indígenas,51693,https://drive.google.com/uc?export=download&id=1jWHHZ89nARuYnXfNgB0qny4lAENME7N3
1SvEYLgr0TgBPQoeqUdoYhzgU-ZPu4uhq,Resultados Prevención de la Violencia,50802,https://drive.google.com/uc?export=download&id=1SvEYLgr0TgBPQoeqUdoYhzgU-ZPu4uhq
1Y1EEG8OlFwXPxTGY6lHwc_P4kLVRF3Og,Resultados Instituciones Asistenciales,49347,https://drive.google.com/uc?export=download&id=1Y1EEG8OlFwXPxTGY6lHwc_P4kLVRF3Og
1DBKswmKwZTXgw_SJNpvgczPmaddO-9Ow,Resultados Inclusión Productiva Personas con Discapacidad,48622,https://drive.google.com/uc?export=download&id=1DBKswmKwZTXgw_SJNpvgczPmaddO-9Ow
16dhnm8jjY9b-oas_PpchH676BtGfrS8Y,Resultados Desarrollo Integral de Personas Migrantes,47925,https://drive.google.com/uc?export=download&id=16dhnm8jjY9b-oas_PpchH676BtGfrS8Y
1f_UlQMkIolhJFhFc8V2LFnipGDG9jfLf,Resultados Desarrollo Integral de Indígenas,47853,https://drive.google.com/uc?export=download&id=1f_UlQMkIolhJFhFc8V2LFnipGDG9jfLf
1yQ94VZFQN0EliKNx-3WHFGC0fgR2nKgN,Resultados Desarrollo Integral de Personas Indígenas y Migrantes,47350,https://drive.google.com/uc?export=download&id=1yQ94VZFQN0EliKNx-3WHFGC0fgR2nKgN
1P1pxkHUpGueMk7KxIEcGCu_tZ_1IlAsp,Resultados Personas con Discapacidad,45044,https://drive.google.com/uc?export=download&id=1P1pxkHUpGueMk7KxIEcGCu_tZ_1IlAsp
1C65dGzYEDP4ND3FuGe45I1nq5ckzq2S7,Resultados Desarrollo Integral Personas Indígenas,43445,https://drive.google.com/uc?export=download&id=1C65dGzYEDP4ND3FuGe45I1nq5ckzq2S7
1pn2QGGOCKnfjb9VBhsacAygQGSOn2lvx,Resultados Protección Social,37969,https://drive.google.com/uc?export=download&id=1pn2QGGOCKnfjb9VBhsacAygQGSOn2lvx
1Zxt5JvfqSd9OixJfBcoWNw-Be7G9ezSf,Resultados de Convocatoria,37244,https://drive.google.com/uc?export=download&id=1Zxt5JvfqSd9OixJfBcoWNw-Be7G9ezSf
1p-pQvdJSyXgEbpZoYN0TtCu1ptnMP-rK,Resultados Inclusión Social y No Discriminación,33416,https://drive.google.com/uc?export=download&id=1p-pQvdJSyXgEbpZoYN0TtCu1ptnMP-rK
1UlanRcQ6zGjlwe8ChJ9NRZKysIQqVPC7,Resultados Protección Social,32036,https://drive.google.com/uc?export=download&id=1UlanRcQ6zGjlwe8ChJ9NRZKysIQqVPC7
1ACqBtxUQZB_DUF7zyXNJlu1E1dERYRHD,Resultados Inclusión Prioritaria,30554,https://drive.google.com/uc?export=download&id=1ACqBtxUQZB_DUF7zyXNJlu1E1dERYRHD
1yvbfTBJMysdYRqfM6lwd6RTCcUdLf7L0,Resultados de Convocatoria,30436,https://drive.google.com/uc?export=download&id=1yvbfTBJMysdYRqfM6lwd6RTCcUdLf7L0
137_OWzpMXXV0SSrNqOB75z4xS4sk3Rzh,Resultados Primera Infancia,26114,https://drive.google.com/uc?export=download&id=137_OWzpMXXV0SSrNqOB75z4xS4sk3Rzh
1U9-50XDaE7Sud_hTniV9SUewz76Ih9xO,Resultados Fortalecimiento,25880,https://drive.google.com/uc?export=download&id=1U9-50XDaE7Sud_hTniV9SUewz76Ih9xO
1tANePrEGon3zgyaiZWBxj-Zh6KahgmB8,Resultados Mujeres,25707,https://drive.google.com/uc?export=download&id=1tANePrEGon3zgyaiZWBxj-Zh6KahgmB8
1H6v7xf-pogXUYidVYceFncbMs3-rmqSJ,"Resultados Atención de Indígenas, Jóvenes y Migrantes",24928,https://drive.google.com/uc?export=download&id=1H6v7xf-pogXUYidVYceFncbMs3-rmqSJ
1_ABeczQpFQeCMDsDAPV8aO6NA241Ubad,Resultados Desarrollo Comunitario Integral,24437,https://drive.google.com/uc?export=download&id=1_ABeczQpFQeCMDsDAPV8aO6NA241Ubad
1z9vlEMPuhGdgRMELjcwNvOKOLOpWNe5I,Resultados Prevención Social,23483,https://drive.google.com/uc?export=download&id=1z9vlEMPuhGdgRMELjcwNvOKOLOpWNe5I
1u8AMqQPG3cS8QHyi7ct61Xg2Nb55sdrL,Resultados Personas con Discapacidad,20921,https://drive.google.com/uc?export=download&id=1u8AMqQPG3cS8QHyi7ct61Xg2Nb55sdrL
1FR8I-37vO3IT_92cYdNdmpggsaPkul7l,Resultados Primera Infancia,20757,https://drive.google.com/uc?export=download&id=1FR8I-37vO3IT_92cYdNdmpggsaPkul7l
1SJtF3f7b1KmSBwWYff2SwIWg58-C6ejJ,Resultados Familias con Futuro,17091,https://drive.google.com/uc?export=download&id=1SJtF3f7b1KmSBwWYff2SwIWg58-C6ejJ
1sjJkkRAbwyv_PA31pCuXtno772bSD9mE,(sin etiqueta visible),2478,https://drive.google.com/uc?export=download&id=1sjJkkRAbwyv_PA31pCuXtno772bSD9mE
1KVXpxKWgGYKDSaJtUZe0uobFY9tKs-Us,(sin etiqueta visible),2471,https://drive.google.com/uc?export=download&id=1KVXpxKWgGYKDSaJtUZe0uobFY9tKs-Us
18yxHuTDAQUcUvHwJyKFucta08ZZDPw3n,(sin etiqueta visible),2464,https://drive.google.com/uc?export=download&id=18yxHuTDAQUcUvHwJyKFucta08ZZDPw3n
1Ha_4Tgf-vHv5sq6f9P0aauuhHMZLa9v2,(sin etiqueta visible),2461,https://drive.google.com/uc?export=download&id=1Ha_4Tgf-vHv5sq6f9P0aauuhHMZLa9v2
1-fFrHcX_pidS7PWlhs7mgc6vhht4KDV1,(sin etiqueta visible),2456,https://drive.google.com/uc?export=download&id=1-fFrHcX_pidS7PWlhs7mgc6vhht4KDV1
1sAPjtkWJkesdaa-g8BsgWSTW1wFEcCUJ,Social 2025,1652,https://drive.google.com/uc?export=download&id=1sAPjtkWJkesdaa-g8BsgWSTW1wFEcCUJ
1-QTGYZ3rdQ3MhiayBoQm45DX93Pjn7gf,Resultados Personas con Discapacidad,0,https://drive.google.com/uc?export=download&id=1-QTGYZ3rdQ3MhiayBoQm45DX93Pjn7gf
